{
    "type": "minecraft:crafting_shaped",
    "pattern": [
        "#N#",
        "DHD",
        "L/L"
    ],
    "key": {
        "#": {
            "item": "minecraft:prismarine_shard"
        },
        "N": {
            "item": "minecraft:netherite_scrap"
        },
        "D": {
            "item": "minecraft:diamond"
        },
        "H": {
            "item": "minecraft:heart_of_the_sea"
        },
        "L": {
            "item": "minecraft:lapis_block"
        },
        "/": {
            "item": "minecraft:blaze_rod"
        }
    },
    "result": {
        "item": "minecraft:trident",
        "count": 1
    }
}